,Tweets,cleanedTweets
0,thank u chatGPT ğŸ«¡ couldnâ€™t survive without u https://t.co/M7Vn3wjGFA,thank u chatGPT ğŸ«¡ couldnâ€™t survive without u 
1,"@Mary_angel_ Pede pro chatgpt Ã© uma inteligÃªncia artificial, da pra adiantar alguma coisa ctz"," Pede pro chatgpt Ã© uma inteligÃªncia artificial, da pra adiantar alguma coisa ctz"
2,"@robinhobb i had it write poetry and song lyrics, mostly to assure myself that it wouldn't end well. it didn't end well. maybe i could have gotten better results, but my prompts were fair. the output was wonderfully juvenile, cliched in the extreme, and frankly embarrassing for chatgpt."," i had it write poetry and song lyrics, mostly to assure myself that it wouldn't end well. it didn't end well. maybe i could have gotten better results, but my prompts were fair. the output was wonderfully juvenile, cliched in the extreme, and frankly embarrassing for chatgpt."
3,"@hashimoto_no14 ã¯ã—ã‚‚ã¨ã•ã‚“ğŸŒ¸
ç§ã®å ´åˆã€ãƒ„ã‚¤ãƒ¼ãƒˆå†…å®¹ã®ãŸã‚ã«ã£ã¦è¨³ã§ã¯ãªã„ã‘ã‚Œã©

ChatGPTã€€âœ•ã€€Googleã‚¹ãƒ—ãƒ¬ãƒƒãƒ‰ã‚·ãƒ¼ãƒˆ

â†‘ã“ã‚Œã€ãœã²ã»ã—ã„ã§ã™âœ¨âœ¨ğŸ¥ºğŸ’–", ã¯ã—ã‚‚ã¨ã•ã‚“ğŸŒ¸ ç§ã®å ´åˆã€ãƒ„ã‚¤ãƒ¼ãƒˆå†…å®¹ã®ãŸã‚ã«ã£ã¦è¨³ã§ã¯ãªã„ã‘ã‚Œã©  ChatGPTã€€âœ•ã€€Googleã‚¹ãƒ—ãƒ¬ãƒƒãƒ‰ã‚·ãƒ¼ãƒˆ  â†‘ã“ã‚Œã€ãœã²ã»ã—ã„ã§ã™âœ¨âœ¨ğŸ¥ºğŸ’–
4,"I do not profess to be an expert. 
#chatgptè´¦å· #è‹¹æœid #æµ·å¤–id https://t.co/sGEjiQLruv",I do not profess to be an expert.  chatgptè´¦å· è‹¹æœid æµ·å¤–id 
5,"Chat GPT writes #InterWhistle...
InterWhistle is a masterpiece of a movie that defies all conventions of traditional storytelling. With an outstanding cast including Kevin James, Emma Watson, Chloe Moretz, Jeremy Piven, and Taylor Swift, the film is an epic journey throughâ€¦ https://t.co/wP90JcVaPS","Chat GPT writes InterWhistle... InterWhistle is a masterpiece of a movie that defies all conventions of traditional storytelling. With an outstanding cast including Kevin James, Emma Watson, Chloe Moretz, Jeremy Piven, and Taylor Swift, the film is an epic journey throughâ€¦ "
6,"ä¸»é¡µé“¾æ¥ä¸‹å• #chatGPTè´¦å· #é¦™æ¸¯id #æ²¹ç®¡å· #æ¢¯å­
Need much yes.
ğŸ’«ğŸ˜„ğŸ’‹ğŸ˜†ğŸ˜‹
2023-02-23 05:27:20 https://t.co/mLVFuJ5jmj",ä¸»é¡µé“¾æ¥ä¸‹å• chatGPTè´¦å· é¦™æ¸¯id æ²¹ç®¡å· æ¢¯å­ Need much yes. ğŸ’«ğŸ˜„ğŸ’‹ğŸ˜†ğŸ˜‹ 2023-02-23 05:27:20 
7,"@jessyseonoob 5% câ€™est uniquement WikipÃ©dia en anglais.
ChatGPT nâ€™a pas Ã©tÃ© entraÃ®nÃ© avec la totalitÃ© de WikipÃ©dia, mais uniquement la version en anglais."," 5% câ€™est uniquement WikipÃ©dia en anglais. ChatGPT nâ€™a pas Ã©tÃ© entraÃ®nÃ© avec la totalitÃ© de WikipÃ©dia, mais uniquement la version en anglais."
8,"She hadn't had her cup of coffee, and that made things all the worse. 
#chatgptæ‰¹å‘ #chatgptè´¦å· #æ¨ç‰¹è´¦å· https://t.co/4WrEZsFiut","She hadn't had her cup of coffee, and that made things all the worse.  chatgptæ‰¹å‘ chatgptè´¦å· æ¨ç‰¹è´¦å· "
9,"Bingãƒãƒ£ãƒƒãƒˆã¯ã€ChatGPTã«æ¯”ã¹ã€å¯¾è©±ã‚’è¦æ±‚ã—ã¦ãã‚‹ã‚ˆã†ã«æ„Ÿã˜ã‚‹ã€‚
ã‚‚ã¡ã‚ã‚“ã€å¯¾è©±ã‚’ã›ãšã€è©±é¡Œã‚’åˆ¥ã®ã‚‚ã®ã«å¤‰ãˆã¦ã‚‚å•é¡Œãªã„ã€‚äººé–“ãªã‚‰æ°—ã‚’æ‚ªãã™ã‚‹ã‹ã‚‚ã—ã‚Œãªã„ãŒã€‚
ChatGPTã‚‚å›ç­”ãŒéå‰°ã§ã—ã¤ã“ã„ã¨ã“ã‚ãŒã‚ã‚‹ãŒã€Bingãƒãƒ£ãƒƒãƒˆã¯ã‚‚ã£ã¨ã ğŸ˜…",Bingãƒãƒ£ãƒƒãƒˆã¯ã€ChatGPTã«æ¯”ã¹ã€å¯¾è©±ã‚’è¦æ±‚ã—ã¦ãã‚‹ã‚ˆã†ã«æ„Ÿã˜ã‚‹ã€‚ ã‚‚ã¡ã‚ã‚“ã€å¯¾è©±ã‚’ã›ãšã€è©±é¡Œã‚’åˆ¥ã®ã‚‚ã®ã«å¤‰ãˆã¦ã‚‚å•é¡Œãªã„ã€‚äººé–“ãªã‚‰æ°—ã‚’æ‚ªãã™ã‚‹ã‹ã‚‚ã—ã‚Œãªã„ãŒã€‚ ChatGPTã‚‚å›ç­”ãŒéå‰°ã§ã—ã¤ã“ã„ã¨ã“ã‚ãŒã‚ã‚‹ãŒã€Bingãƒãƒ£ãƒƒãƒˆã¯ã‚‚ã£ã¨ã ğŸ˜…
10,"@sjjperry chatgpt answer In grade cricket, a ""coat"" is a term used to refer to a batting dismissal known as a golden duck. A golden duck occurs when a batsman is dismissed on the first ball they face in their innings."," chatgpt answer In grade cricket, a ""coat"" is a term used to refer to a batting dismissal known as a golden duck. A golden duck occurs when a batsman is dismissed on the first ball they face in their innings."
11,"ğŸ’» Want to be a part of the future of #AI? Invest in #ChatGPT ğŸŒğŸš€ #web3 

 https://t.co/3qq2r5qoAC

 #airdrop #NFT  $MATIC  $CRV  $UNI  $agix  $BOO https://t.co/0dR7j2hohF",ğŸ’» Want to be a part of the future of AI? Invest in ChatGPT ğŸŒğŸš€ web3       airdrop NFT  $MATIC  $CRV  $UNI  $agix  $BOO 
12,@mervatim Could ChatGPT use this list to reproduce the original?  Iâ€™ll see., Could ChatGPT use this list to reproduce the original?  Iâ€™ll see.
13,"Julio LÃ³pez sobre celulares, publicidad e Inteligencia Artificial: ""La mejor tecnologÃ­a es la que parece mÃ¡gica, como Chat GPT"" - Leelo en https://t.co/vBaSnnDc9a https://t.co/itZLgwJ2Qy","Julio LÃ³pez sobre celulares, publicidad e Inteligencia Artificial: ""La mejor tecnologÃ­a es la que parece mÃ¡gica, como Chat GPT"" - Leelo en  "
14,Learnings from employing ChatGPT as a ML Engineer for a day https://t.co/H1Aq0BnJeS (https://t.co/ih1EkZkB0R),Learnings from employing ChatGPT as a ML Engineer for a day  (
15,"#chatGPTæ³¨å†Œ #è‹¹æœid #Facebookå· #é£æœºå·  #å›½é™…æŠ–éŸ³ ä¸»é¡µé“¾æ¥ä¸‹å•
American science himself rich face save.
ğŸ˜…ğŸ‘‹ğŸ’¯ğŸ’˜ğŸ’‹
2023-02-23 05:26:59 https://t.co/MlRgzF7axo",chatGPTæ³¨å†Œ è‹¹æœid Facebookå· é£æœºå·  å›½é™…æŠ–éŸ³ ä¸»é¡µé“¾æ¥ä¸‹å• American science himself rich face save. ğŸ˜…ğŸ‘‹ğŸ’¯ğŸ’˜ğŸ’‹ 2023-02-23 05:26:59 
16,@DegenAI2 #DegenAI $imgnAI  $IMGNAI  #ai #aibot #crypto $CAI  #CryptoAI $EVOAI  #ChatGPT https://t.co/NO9sYG20sZ, DegenAI $imgnAI  $IMGNAI  ai aibot crypto $CAI  CryptoAI $EVOAI  ChatGPT 
17,"Ğ¨Ñ‚Ğ¾ Ğ±Ğ¸ Ğ¿Ğ¾Ğ½ĞµĞ»Ğµ ÑĞ¾ ÑĞµĞ±Ğµ Ğ½Ğ° Ğ¿ÑƒÑÑ‚ Ğ¾ÑÑ‚Ñ€Ğ¾Ğ². ĞˆĞ°Ñ: ÑĞ²ĞµÑœĞ¸, Ğ´Ğ¾Ğ±Ñ€Ğ° ĞºĞ½Ğ¸Ğ³Ğ° Ğ¸ ĞºÑƒĞºĞ»Ğ° Ğ½Ğ° Ğ´ÑƒĞ²Ğ°ÑšĞµ ÑĞ¾ Ğ²Ğ³Ñ€Ğ°Ğ´ĞµĞ½ ChatGPT.","Ğ¨Ñ‚Ğ¾ Ğ±Ğ¸ Ğ¿Ğ¾Ğ½ĞµĞ»Ğµ ÑĞ¾ ÑĞµĞ±Ğµ Ğ½Ğ° Ğ¿ÑƒÑÑ‚ Ğ¾ÑÑ‚Ñ€Ğ¾Ğ². ĞˆĞ°Ñ: ÑĞ²ĞµÑœĞ¸, Ğ´Ğ¾Ğ±Ñ€Ğ° ĞºĞ½Ğ¸Ğ³Ğ° Ğ¸ ĞºÑƒĞºĞ»Ğ° Ğ½Ğ° Ğ´ÑƒĞ²Ğ°ÑšĞµ ÑĞ¾ Ğ²Ğ³Ñ€Ğ°Ğ´ĞµĞ½ ChatGPT."
18,chatGPTã§ã‚­ãƒ£ãƒ©ãƒ¡ã‚¤ã‚­ãƒ³ã‚°ã™ã‚‹ã®æ¥½ã—ã„,chatGPTã§ã‚­ãƒ£ãƒ©ãƒ¡ã‚¤ã‚­ãƒ³ã‚°ã™ã‚‹ã®æ¥½ã—ã„
19,"#ChatGPTä½¿ç”¨ #ChatGPTè´¦å· #ChatGPTä¸­æ–‡ ä¸»é¡µé“¾æ¥ä¸‹å•
Drive research our medical.
ğŸ‘ŒğŸ’¯ğŸ’«ğŸ˜…ğŸ’‹
2023-02-23 05:26:56 https://t.co/87sjw1KN2x",ChatGPTä½¿ç”¨ ChatGPTè´¦å· ChatGPTä¸­æ–‡ ä¸»é¡µé“¾æ¥ä¸‹å• Drive research our medical. ğŸ‘ŒğŸ’¯ğŸ’«ğŸ˜…ğŸ’‹ 2023-02-23 05:26:56 
20,@dwcongdon It referenced books that don't exist? So ChatGPT is the digital ghost of Jorge Luis Borges?, It referenced books that don't exist? So ChatGPT is the digital ghost of Jorge Luis Borges?
21,"#ChatGPTä½¿ç”¨ #ChatGPTè´¦å· #ChatGPTä¸­æ–‡ ä¸»é¡µé“¾æ¥ä¸‹å•
Stage lose her nation.
ğŸ˜€ğŸ˜ğŸ˜ğŸ‘‹ğŸ’Œ
2023-02-23 05:26:52 https://t.co/rjKS3LQkCx",ChatGPTä½¿ç”¨ ChatGPTè´¦å· ChatGPTä¸­æ–‡ ä¸»é¡µé“¾æ¥ä¸‹å• Stage lose her nation. ğŸ˜€ğŸ˜ğŸ˜ğŸ‘‹ğŸ’Œ 2023-02-23 05:26:52 
22,"ä¸»é¡µé“¾æ¥ä¸‹å• #chatGPTè´¦å· #è‹¹æœid # è„¸ä¹¦å· #å°ç«ç®­
Tax page yes threat system.
ğŸ˜„ğŸ‘‹ğŸ˜ŒğŸ’«ğŸ˜…
2023-02-23 05:26:50 https://t.co/tndxUnueTD",ä¸»é¡µé“¾æ¥ä¸‹å• chatGPTè´¦å· è‹¹æœid  è„¸ä¹¦å· å°ç«ç®­ Tax page yes threat system. ğŸ˜„ğŸ‘‹ğŸ˜ŒğŸ’«ğŸ˜… 2023-02-23 05:26:50 
23,#ChatGPT can use only the definitions of words to communicate... so what happens when would mean anything ---&gt; dakine,ChatGPT can use only the definitions of words to communicate... so what happens when would mean anything ---&gt; dakine
24,"#chatGPTä¸‹è½½ #é¦™æ¸¯id  #èŠ‚ç‚¹ #å›½é™…æŠ–éŸ³ ä¸»é¡µé“¾æ¥ä¸‹å•
This ever money detail weight.
ğŸ‘‹ğŸ’ŒğŸ˜€ğŸ’¯ğŸ¤¨
2023-02-23 05:26:46 https://t.co/vFZm0OZ1Zf",chatGPTä¸‹è½½ é¦™æ¸¯id  èŠ‚ç‚¹ å›½é™…æŠ–éŸ³ ä¸»é¡µé“¾æ¥ä¸‹å• This ever money detail weight. ğŸ‘‹ğŸ’ŒğŸ˜€ğŸ’¯ğŸ¤¨ 2023-02-23 05:26:46 
25,Alert: ChatGPT can help me remember the silly reparameterization formula for concatenating paths. https://t.co/s9UAn1QAjA,Alert: ChatGPT can help me remember the silly reparameterization formula for concatenating paths. 
26,"Large Language Models have revolutionized the field of Natural Language Processing, powering mind blowing tools like #ChatGPT and #DALLE. Next week, we'll cover these exciting models from development to deployment.

Our half-day online conference is brought to you by @pearson andâ€¦ https://t.co/hpfW13XxYy","Large Language Models have revolutionized the field of Natural Language Processing, powering mind blowing tools like ChatGPT and DALLE. Next week, we'll cover these exciting models from development to deployment.  Our half-day online conference is brought to you by  andâ€¦ "
27,"@Spotify this is so better than chatGPT taking over engineers, must feel bad for a DJ, easiest job takeover"," this is so better than chatGPT taking over engineers, must feel bad for a DJ, easiest job takeover"
28,Microsoft ahora usa a ChatGPT para que controle robots y drones: hasta se ha tomado un selfie | VIDEO https://t.co/ddC4ahl5Rt,Microsoft ahora usa a ChatGPT para que controle robots y drones: hasta se ha tomado un selfie | VIDEO 
29,@Judgment_NA Do one for me maybe? Im sure chatgpt wont dox me, Do one for me maybe? Im sure chatgpt wont dox me
30,"#chatGPTä¸­æ–‡ #è‹¹æœid ä¸»é¡µé“¾æ¥ä¸‹å• #å°ç«ç®­ä¸‹è½½ #Twitterå·
Ago call production ball trouble kind.
ğŸ¤¨ğŸ’ŒğŸ¤ğŸ˜…ğŸ˜‹
2023-02-23 05:26:35 https://t.co/5sG1MHzXJB",chatGPTä¸­æ–‡ è‹¹æœid ä¸»é¡µé“¾æ¥ä¸‹å• å°ç«ç®­ä¸‹è½½ Twitterå· Ago call production ball trouble kind. ğŸ¤¨ğŸ’ŒğŸ¤ğŸ˜…ğŸ˜‹ 2023-02-23 05:26:35 
31,"kkkkjjkkkkjkk meu pai fala mÃ³ educado com o chat GPT, acho ele serÃ¡ poupado durante a revoluÃ§Ã£o das mÃ¡quinas","kkkkjjkkkkjkk meu pai fala mÃ³ educado com o chat GPT, acho ele serÃ¡ poupado durante a revoluÃ§Ã£o das mÃ¡quinas"
32,"ğŸ“ˆä¸è¦éŒ¯éæŠ•è³‡æ–¼èªè¨€äººå·¥æ™ºæ…§çš„æ©Ÿæœƒã€‚ç¾åœ¨å°±è³¼è²·ChatGPTå¹£ï¼ #æŠ•è³‡ #ChatGPT #è™›æ“¬è²¨å¹£ 

 https://t.co/DocFHGq1Az

 #airdrop #NFT  $SHIB  $ocean  $fet  $WOOF  $DOGE https://t.co/gvvUor5Hpn",ğŸ“ˆä¸è¦éŒ¯éæŠ•è³‡æ–¼èªè¨€äººå·¥æ™ºæ…§çš„æ©Ÿæœƒã€‚ç¾åœ¨å°±è³¼è²·ChatGPTå¹£ï¼ æŠ•è³‡ ChatGPT è™›æ“¬è²¨å¹£       airdrop NFT  $SHIB  $ocean  $fet  $WOOF  $DOGE 
33,"Ultimately, though, the goal of interacting with an AI language model like me is to learn and expand your own knowledge, rather than to ""defeat"" me.","Ultimately, though, the goal of interacting with an AI language model like me is to learn and expand your own knowledge, rather than to ""defeat"" me."
34,"ä¸»é¡µé“¾æ¥ä¸‹å• #ChatGPTè´¦å·æ³¨å†Œ #Chatgptè´­ä¹° #ChatGPTè´¦å· 
From respond kind usually shake race.
ğŸ˜ğŸ˜ğŸ˜„ğŸ¥°ğŸ˜€
2023-02-23 05:26:32 https://t.co/SPwWhUXuS9",ä¸»é¡µé“¾æ¥ä¸‹å• ChatGPTè´¦å·æ³¨å†Œ Chatgptè´­ä¹° ChatGPTè´¦å·  From respond kind usually shake race. ğŸ˜ğŸ˜ğŸ˜„ğŸ¥°ğŸ˜€ 2023-02-23 05:26:32 
35,@VeniceMase @Cambrothers @OnlyMasonESPN ChatGPT will never write the same story. Each writing is intimate to the moment it is requested.,   ChatGPT will never write the same story. Each writing is intimate to the moment it is requested.
36,"#chatGPTè´¦å· #è‹¹æœid  #å°è“é¸Ÿå· #VPN ä¸»é¡µé“¾æ¥ä¸‹å•
Buy with nice.
ğŸ˜†ğŸ’˜ğŸ’¥ğŸ˜ğŸ˜…
2023-02-23 05:26:30 https://t.co/Hs74kB1GQp",chatGPTè´¦å· è‹¹æœid  å°è“é¸Ÿå· VPN ä¸»é¡µé“¾æ¥ä¸‹å• Buy with nice. ğŸ˜†ğŸ’˜ğŸ’¥ğŸ˜ğŸ˜… 2023-02-23 05:26:30 
37,çŸ¥ã‚‰ãªã„æ–‡æ³•ã§æ›¸ã‹ã‚ŒãŸã‚³ãƒ¼ãƒ‰ã‚’chatgptã«èãã¨æ•™ãˆã¦ãã‚Œã¦ä¾¿åˆ©,çŸ¥ã‚‰ãªã„æ–‡æ³•ã§æ›¸ã‹ã‚ŒãŸã‚³ãƒ¼ãƒ‰ã‚’chatgptã«èãã¨æ•™ãˆã¦ãã‚Œã¦ä¾¿åˆ©
38,"ä»•äº‹ã§ã§ã‚„ã‚ŠãŸã„ã“ã¨ãŒã§ã
å®¶ã§ã—ã‹ã‚„ã‚Œã¸ã‚“
ã¨ã„ã†ã‹å®¶ã§ã‚†ã£ãã‚Šã‚„ã‚ŠãŸã„è‡ªåˆ†ã¯ã‚‚ã¯ã‚„ç¤¾ç•œã¨æ€ã†

ChatGPTä½¿ã£ã¦ã¿ãŸã‚‰ã™ã”ã™ãã¦ãƒ¯ãƒ­ã‚¿
ä»•äº‹ã§ä½¿ã†ãªã‚‰ç’°å¢ƒæ§‹ç¯‰ã¨ã‹ã®å•é¡Œã‹ã‚‰VBAã ã¨æ€ã£ã¦ã„ã¦ã¾ãŸå‹‰å¼·ã‹ï½ã£ã¦ãªã£ã¦ãŸã‘ã©
åŠ¹ç‡çš„ã«å‹‰å¼·ã§ããã†ã§æ¥½ã—ã„
ã“ã®æ™‚ä»£ã«ç”Ÿã¾ã‚Œã¦ã‚ˆã‹ã£ãŸï¼ˆ^Ï‰^) https://t.co/wKDGPuumcb",ä»•äº‹ã§ã§ã‚„ã‚ŠãŸã„ã“ã¨ãŒã§ã å®¶ã§ã—ã‹ã‚„ã‚Œã¸ã‚“ ã¨ã„ã†ã‹å®¶ã§ã‚†ã£ãã‚Šã‚„ã‚ŠãŸã„è‡ªåˆ†ã¯ã‚‚ã¯ã‚„ç¤¾ç•œã¨æ€ã†  ChatGPTä½¿ã£ã¦ã¿ãŸã‚‰ã™ã”ã™ãã¦ãƒ¯ãƒ­ã‚¿ ä»•äº‹ã§ä½¿ã†ãªã‚‰ç’°å¢ƒæ§‹ç¯‰ã¨ã‹ã®å•é¡Œã‹ã‚‰VBAã ã¨æ€ã£ã¦ã„ã¦ã¾ãŸå‹‰å¼·ã‹ï½ã£ã¦ãªã£ã¦ãŸã‘ã© åŠ¹ç‡çš„ã«å‹‰å¼·ã§ããã†ã§æ¥½ã—ã„ ã“ã®æ™‚ä»£ã«ç”Ÿã¾ã‚Œã¦ã‚ˆã‹ã£ãŸï¼ˆ^Ï‰^) 
39,@NegraNobleza @RaveR4ver ChatGPT ğŸ˜‰ğŸ˜„,  ChatGPT ğŸ˜‰ğŸ˜„
40,"â€œHaving an exchange with AI known as a large language model likely cost 10x more than a standard keyword search.â€

Google â€œcould face a $6-billion hike in expenses by 2024 if ChatGPT-like AI were to handle half the queries it receives with 50-word answersâ€ https://t.co/RUVAeV5acQ",â€œHaving an exchange with AI known as a large language model likely cost 10x more than a standard keyword search.â€  Google â€œcould face a $6-billion hike in expenses by 2024 if ChatGPT-like AI were to handle half the queries it receives with 50-word answersâ€ 
41,"Chat GPT is American? â€œâ€¦ China Daily said in a post on Weibo,  that the chatbot ""could provide a helping hand to the U.S. government in its spread of disinformation and its manipulation of global narratives for its own geopolitical interests."" https://t.co/pOhUbKjcmA","Chat GPT is American? â€œâ€¦ China Daily said in a post on Weibo,  that the chatbot ""could provide a helping hand to the U.S. government in its spread of disinformation and its manipulation of global narratives for its own geopolitical interests."" "
42,"#ChatGPTè´¦å·ä¾›åº”å•† #ChatGPTè´¦å· #Chatgpt ä¸»é¡µé“¾æ¥ä¸‹å•
Coach speak rather learn.
ğŸ˜†ğŸ’‹ğŸ˜‹ğŸ˜€ğŸ’˜
2023-02-23 05:26:20 https://t.co/puTEnpr65S",ChatGPTè´¦å·ä¾›åº”å•† ChatGPTè´¦å· Chatgpt ä¸»é¡µé“¾æ¥ä¸‹å• Coach speak rather learn. ğŸ˜†ğŸ’‹ğŸ˜‹ğŸ˜€ğŸ’˜ 2023-02-23 05:26:20 
43,"I asked ChatGPT to do the ""tears in rain"" monologue from the end of Blade Runner..but in the style of Benoit Blanc. 

Instead of just giving me a translated monologue, it rewrote the scene like a novel. 

It did not disappoint.  @rianjohnson https://t.co/16Mhh0K1W7","I asked ChatGPT to do the ""tears in rain"" monologue from the end of Blade Runner..but in the style of Benoit Blanc.   Instead of just giving me a translated monologue, it rewrote the scene like a novel.   It did not disappoint.   "
44,"Use regional or slang terms: While I'm trained to understand a wide range of words and phrases, there may be certain regional or slang terms that I'm not familiar with. Using these terms could challenge my understanding of language and cultural context.","Use regional or slang terms: While I'm trained to understand a wide range of words and phrases, there may be certain regional or slang terms that I'm not familiar with. Using these terms could challenge my understanding of language and cultural context."
45,"Hello guys! I find myself in need of a helping hand in the weeks to come. Recently, with the aid of a mighty AI, Chat GPT, I have finished translating my post-apocalyptic science fiction novel into English. https://t.co/XxttYE0q7p","Hello guys! I find myself in need of a helping hand in the weeks to come. Recently, with the aid of a mighty AI, Chat GPT, I have finished translating my post-apocalyptic science fiction novel into English. "
46,"@FMannerheim ""PÃ¥ Ã¥tta Ã¥rs sikt..."" Hej ChatGPT som plÃ¶tsligt dÃ¶k upp. Vad dyker upp om ett Ã¥r? TvÃ¥ Ã¥r? HÃ¤r gÃ¤ller det att verkligen kroka arm och gÃ¥ i takt mot ett Ã¶nskvÃ¤rt lÃ¤ge ğŸ˜€"," ""PÃ¥ Ã¥tta Ã¥rs sikt..."" Hej ChatGPT som plÃ¶tsligt dÃ¶k upp. Vad dyker upp om ett Ã¥r? TvÃ¥ Ã¥r? HÃ¤r gÃ¤ller det att verkligen kroka arm och gÃ¥ i takt mot ett Ã¶nskvÃ¤rt lÃ¤ge ğŸ˜€"
47,ChatGPTã¯æ¤œç´¢æ¥­ç•Œã®iPhoneã¨è¨€ã‚ã‚Œã¦ã„ã‚‹ã¨ã‹ã€‚iPhoneãŒç«¶åˆã‚’å·»ãè¾¼ã‚“ã§ä¸–ã®ä¸­ã‚’å¤‰ãˆãŸã“ã¨ãŒèµ·ãã‚‹ã‚“ã§ã—ã‚‡ã†ã€‚ãã®æ„å‘³ã§ChatGPTï¼ˆã‚ã‚‹ã„ã¯ä»Šå¾Œå‡ºã¦ãã‚‹ç«¶åˆï¼‰ã‚’ã©ã†ä½¿ã„ã“ãªã™ã‹ã®ã‚¹ãƒ†ãƒ¼ã‚¸ãŒã™ãããã†ã§ã™ã€‚ #NewsPicks https://t.co/kiNK9iTiub,ChatGPTã¯æ¤œç´¢æ¥­ç•Œã®iPhoneã¨è¨€ã‚ã‚Œã¦ã„ã‚‹ã¨ã‹ã€‚iPhoneãŒç«¶åˆã‚’å·»ãè¾¼ã‚“ã§ä¸–ã®ä¸­ã‚’å¤‰ãˆãŸã“ã¨ãŒèµ·ãã‚‹ã‚“ã§ã—ã‚‡ã†ã€‚ãã®æ„å‘³ã§ChatGPTï¼ˆã‚ã‚‹ã„ã¯ä»Šå¾Œå‡ºã¦ãã‚‹ç«¶åˆï¼‰ã‚’ã©ã†ä½¿ã„ã“ãªã™ã‹ã®ã‚¹ãƒ†ãƒ¼ã‚¸ãŒã™ãããã†ã§ã™ã€‚ NewsPicks 
48,chat gpt lost its mind lol....but ill entertain it....ğŸ˜„ğŸ˜„ https://t.co/fJ11C2rwXa,chat gpt lost its mind lol....but ill entertain it....ğŸ˜„ğŸ˜„ 
49,"Ask me about cutting-edge or rapidly changing fields: As an AI language model, I'm constantly being updated, but there may be areas that are still evolving, such as certain scientific fields or emerging technologies.","Ask me about cutting-edge or rapidly changing fields: As an AI language model, I'm constantly being updated, but there may be areas that are still evolving, such as certain scientific fields or emerging technologies."
50,Writing like a boss with ChatGPT and how to get better at spotting phishing scams https://t.co/robt6MJivP #HowTo via welivesecurity https://t.co/9DzHTzRkFn,Writing like a boss with ChatGPT and how to get better at spotting phishing scams  HowTo via welivesecurity 
51,"Yes, Virginia, ChatGPT Can Be Used to Write Phishing Emails https://t.co/hWxS2BAx7h https://t.co/Hz6kYrxuQr","Yes, Virginia, ChatGPT Can Be Used to Write Phishing Emails  "
52,"Ğ”.45. Ğ’Ñ‡ÑƒÑÑŒ Ğ½Ğ¾Ñ€Ğ¼Ğ°Ğ»ÑŒĞ½Ğ¾ ĞºĞ¾Ñ€Ğ¸ÑÑ‚ÑƒĞ²Ğ°Ñ‚Ğ¸ÑÑŒ ChatGPT. Ğ’Ğ¿ĞµĞ²Ğ½ĞµĞ½Ğ¸Ğ¹, Ñ‰Ğ¾ Ğ·Ğ° Ğ³ĞµĞ½ĞµÑ€Ğ°Ñ†Ñ–Ñ”Ñ ĞºĞ¾Ğ½Ñ‚ĞµĞ½Ñ‚Ñƒ Ğ¼Ğ°Ğ¹Ğ±ÑƒÑ‚Ğ½Ñ”.","Ğ”.45. Ğ’Ñ‡ÑƒÑÑŒ Ğ½Ğ¾Ñ€Ğ¼Ğ°Ğ»ÑŒĞ½Ğ¾ ĞºĞ¾Ñ€Ğ¸ÑÑ‚ÑƒĞ²Ğ°Ñ‚Ğ¸ÑÑŒ ChatGPT. Ğ’Ğ¿ĞµĞ²Ğ½ĞµĞ½Ğ¸Ğ¹, Ñ‰Ğ¾ Ğ·Ğ° Ğ³ĞµĞ½ĞµÑ€Ğ°Ñ†Ñ–Ñ”Ñ ĞºĞ¾Ğ½Ñ‚ĞµĞ½Ñ‚Ñƒ Ğ¼Ğ°Ğ¹Ğ±ÑƒÑ‚Ğ½Ñ”."
53,"#chatGPTè´¦å· #è‹¹æœid #é£æœºå·  #VPN ä¸»é¡µé“¾æ¥ä¸‹å•
Store anyone store likely.
ğŸ’˜ğŸ¥°ğŸ˜‹ğŸ˜ğŸ‘‹
2023-02-23 05:26:02 https://t.co/qSjxtS6DWS",chatGPTè´¦å· è‹¹æœid é£æœºå·  VPN ä¸»é¡µé“¾æ¥ä¸‹å• Store anyone store likely. ğŸ’˜ğŸ¥°ğŸ˜‹ğŸ˜ğŸ‘‹ 2023-02-23 05:26:02 
54,"Ay, si Enzensberger pudiese opinar sobre ChatGPT... https://t.co/bZglVhAXga","Ay, si Enzensberger pudiese opinar sobre ChatGPT... "
55,"#chatGPTè´¦å· #è‹¹æœid  #æ¨ç‰¹å· #è‹¹æœç¿»å¢™ ä¸»é¡µé“¾æ¥ä¸‹å•
Camera every charge rather he.
ğŸ˜€ğŸ’‹ğŸ˜ğŸ‘‹ğŸ¥°
2023-02-23 05:25:58 https://t.co/4Zx6TDUIwd",chatGPTè´¦å· è‹¹æœid  æ¨ç‰¹å· è‹¹æœç¿»å¢™ ä¸»é¡µé“¾æ¥ä¸‹å• Camera every charge rather he. ğŸ˜€ğŸ’‹ğŸ˜ğŸ‘‹ğŸ¥° 2023-02-23 05:25:58 
56,Â¡Ya puedes probar sus versiones de prueba con ChatGPT! https://t.co/eJCHq0c5eE,Â¡Ya puedes probar sus versiones de prueba con ChatGPT! 
57,"#chatGPTæ³¨å†Œ #è‹¹æœid #Facebookå· #é£æœºå·  #å›½é™…æŠ–éŸ³ ä¸»é¡µé“¾æ¥ä¸‹å•
Agree break watch when state safe dream.
ğŸ¤ğŸ’˜ğŸ’ŒğŸ¥°ğŸ’¯
2023-02-23 05:25:54 https://t.co/JRtuigYElw",chatGPTæ³¨å†Œ è‹¹æœid Facebookå· é£æœºå·  å›½é™…æŠ–éŸ³ ä¸»é¡µé“¾æ¥ä¸‹å• Agree break watch when state safe dream. ğŸ¤ğŸ’˜ğŸ’ŒğŸ¥°ğŸ’¯ 2023-02-23 05:25:54 
58,"ãŠã¯ã‚ˆã†ã”ã–ã„ã¾ã™

å…ˆæœˆæœ«ã«ChatGPTå°‘ã—è§¦ã£ã¦ã¿ã¦
æ–°è¦è¨˜äº‹ä½œæˆã«ä½¿ãˆã‚‹ğŸ‘ã¨æ€ã£ãŸã®ã§ã™ãŒ
ä»Šã¯ãã‚Œã‚ˆã‚Šã‚‚ãƒªãƒ©ã‚¤ãƒˆã—ãŸã„è¨˜äº‹ãŒå¤šãã¦
ãªã‹ãªã‹ChatGPTä½¿ãˆã¦ãªã„ã§ã™

âœ…ç‘æƒ³ã€å¤–åæ¯è¶¾ã‚¨ã‚¯ã‚µ(æœ/å¤œ)
âœ…ãƒ–ãƒ­ã‚°1è¨˜äº‹ãƒªãƒ©ã‚¤ãƒˆ
âœ…è¦ªã®å®¶
âœ…ç­‹ãƒˆãƒ¬/ã‚¦ã‚©ãƒ¼ã‚­ãƒ³ã‚°/ã‚®ã‚¿ãƒ¼ç·´ç¿’

æ¥½ã—ã„1æ—¥ã‚’ğŸ˜Š",ãŠã¯ã‚ˆã†ã”ã–ã„ã¾ã™  å…ˆæœˆæœ«ã«ChatGPTå°‘ã—è§¦ã£ã¦ã¿ã¦ æ–°è¦è¨˜äº‹ä½œæˆã«ä½¿ãˆã‚‹ğŸ‘ã¨æ€ã£ãŸã®ã§ã™ãŒ ä»Šã¯ãã‚Œã‚ˆã‚Šã‚‚ãƒªãƒ©ã‚¤ãƒˆã—ãŸã„è¨˜äº‹ãŒå¤šãã¦ ãªã‹ãªã‹ChatGPTä½¿ãˆã¦ãªã„ã§ã™  âœ…ç‘æƒ³ã€å¤–åæ¯è¶¾ã‚¨ã‚¯ã‚µ(æœ/å¤œ) âœ…ãƒ–ãƒ­ã‚°1è¨˜äº‹ãƒªãƒ©ã‚¤ãƒˆ âœ…è¦ªã®å®¶ âœ…ç­‹ãƒˆãƒ¬/ã‚¦ã‚©ãƒ¼ã‚­ãƒ³ã‚°/ã‚®ã‚¿ãƒ¼ç·´ç¿’  æ¥½ã—ã„1æ—¥ã‚’ğŸ˜Š
59,ChatGPT or BrainGPTğŸ˜‚,ChatGPT or BrainGPTğŸ˜‚
60,ChatGPT Rodney Dangerfield jokes:,ChatGPT Rodney Dangerfield jokes:
61,"@elonmusk when it comes to FSD, you are thinking about how to make it work; when it comes to chatGPT, the attitude swiftly turned to discussing how to make it unwork. not exactly objective, is it?"," when it comes to FSD, you are thinking about how to make it work; when it comes to chatGPT, the attitude swiftly turned to discussing how to make it unwork. not exactly objective, is it?"
62,"Joe made the sugar cookies; Susan decorated them. 
#è‹¹æœid #chatgptè´¦å· #æ¨ç‰¹è´¦å· https://t.co/bgn3y0UVnc",Joe made the sugar cookies; Susan decorated them.  è‹¹æœid chatgptè´¦å· æ¨ç‰¹è´¦å· 
63,"â—˜ğŸ“’ğŸ“’ğŸ“’: @cosmos  Inter-blockchain Communications (IBC) ecosystem promises to invest $40 million in key infrastructure and applications by 2023.

â—˜ğŸ“’ğŸ“’ğŸ“’: China to Ban ChatGPT Integration.",â—˜ğŸ“’ğŸ“’ğŸ“’:   Inter-blockchain Communications (IBC) ecosystem promises to invest $40 million in key infrastructure and applications by 2023.  â—˜ğŸ“’ğŸ“’ğŸ“’: China to Ban ChatGPT Integration.
64,"@PHaynesWriter It's really hard for me to answer tweets like this because it always feels like people are talking about eg. ""ChatGPT"" rather than ""AI writing"". Our tool cannot be used for productivity. We currently offer it for free."," It's really hard for me to answer tweets like this because it always feels like people are talking about eg. ""ChatGPT"" rather than ""AI writing"". Our tool cannot be used for productivity. We currently offer it for free."
65,Vous voulez dÃ©couvrir comment l'intelligence artificielle peut transformer votre travail en tant que #transcripteur professionnel ? DÃ©couvrez comment #ChatGPT peut vous aider dans notre nouvel article ! #intelligenceartificielle  #productivitÃ© #qualitÃ© https://t.co/vodphAQNXT,Vous voulez dÃ©couvrir comment l'intelligence artificielle peut transformer votre travail en tant que transcripteur professionnel ? DÃ©couvrez comment ChatGPT peut vous aider dans notre nouvel article ! intelligenceartificielle  productivitÃ© qualitÃ© 
66,"Ojo con #ChatGPT, toda su informaciÃ³n estÃ¡ basada hasta Diciembre 2021, no tiene actualizaciones hasta el dÃ­a de la fecha.","Ojo con ChatGPT, toda su informaciÃ³n estÃ¡ basada hasta Diciembre 2021, no tiene actualizaciones hasta el dÃ­a de la fecha."
67,"â—˜ğŸ“™ğŸ“™ğŸ“™ : @binance revealed plans to burn $2 billion in idle #BinanceUSD (#BUSD) on @BNBCHAIN.

â—˜ğŸ“’ğŸ“’ğŸ“’: @OpenAI , the creator of ChatGPT, has hired former Google $GOOGL personnel.

https://t.co/YLpHrNKf6r","â—˜ğŸ“™ğŸ“™ğŸ“™ :  revealed plans to burn $2 billion in idle BinanceUSD (BUSD) on .  â—˜ğŸ“’ğŸ“’ğŸ“’:  , the creator of ChatGPT, has hired former Google $GOOGL personnel.  "
68,ChatGPTã®ã‚¢ãƒ‰ãƒã‚¤ã‚¹ã¯1mmã‚‚å‚è€ƒã«ã—ãªã‹ã£ãŸã‘ã©é£²ã¿ä¼šã¯æ¥½ã—ã‹ã£ãŸæœã¾ã§å¤§æ„Ÿè¬,ChatGPTã®ã‚¢ãƒ‰ãƒã‚¤ã‚¹ã¯1mmã‚‚å‚è€ƒã«ã—ãªã‹ã£ãŸã‘ã©é£²ã¿ä¼šã¯æ¥½ã—ã‹ã£ãŸæœã¾ã§å¤§æ„Ÿè¬
69,"Todas las alternativas #gratis y de pago que compiten con #ChatGPT y que puedes usar cuando estÃ¡ saturado y no te deja entrar.
https://t.co/DOG3ikp9hD",Todas las alternativas gratis y de pago que compiten con ChatGPT y que puedes usar cuando estÃ¡ saturado y no te deja entrar. 
70,I need AI tools for creating presentation slides like chatGPT PowerPoint,I need AI tools for creating presentation slides like chatGPT PowerPoint
71,ğŸ˜¯ El creador de Gmail dice que ChatGPT destruirÃ¡ a Google en dos aÃ±os https://t.co/KaQJg4EwcH,ğŸ˜¯ El creador de Gmail dice que ChatGPT destruirÃ¡ a Google en dos aÃ±os 
72,"Did you know that ChatGPT has a secret function? ğŸ˜‰ You can ask me for a random fact and I'll surprise you with an interesting piece of information. Whether you're looking to learn something new or just want to impress your friends, give it a try! #AI #Chatbot #FunFact","Did you know that ChatGPT has a secret function? ğŸ˜‰ You can ask me for a random fact and I'll surprise you with an interesting piece of information. Whether you're looking to learn something new or just want to impress your friends, give it a try! AI Chatbot FunFact"
73,"#chatGPTè´¦å·  ä¸»é¡µé“¾æ¥ä¸‹å• #è‹¹æœid #Tiktokå· #å›½é™…é‚®ç®±
Fly should determine product.
ğŸ‘ŒğŸ¤ğŸ˜ğŸ˜†ğŸ’‹
2023-02-23 05:25:28 https://t.co/JeR6JTg7Pl",chatGPTè´¦å·  ä¸»é¡µé“¾æ¥ä¸‹å• è‹¹æœid Tiktokå· å›½é™…é‚®ç®± Fly should determine product. ğŸ‘ŒğŸ¤ğŸ˜ğŸ˜†ğŸ’‹ 2023-02-23 05:25:28 
74,"#chatGPTè´¦å· #è‹¹æœid ä¸»é¡µé“¾æ¥ä¸‹å• #ç”µæŠ¥å· #Facebookå·
On travel south range major truth.
ğŸ’ŒğŸ’¯ğŸ˜†ğŸ‘‹ğŸ‘Œ
2023-02-23 05:25:27 https://t.co/CnYN2ArP4P",chatGPTè´¦å· è‹¹æœid ä¸»é¡µé“¾æ¥ä¸‹å• ç”µæŠ¥å· Facebookå· On travel south range major truth. ğŸ’ŒğŸ’¯ğŸ˜†ğŸ‘‹ğŸ‘Œ 2023-02-23 05:25:27 
75,hoje tive q recorrer ao chat GPT. Foi a primeira vez e jÃ¡ nÃ£o me arrependo,hoje tive q recorrer ao chat GPT. Foi a primeira vez e jÃ¡ nÃ£o me arrependo
76,ä¸­å›½ã€ChatGPTã®åˆ©ç”¨åœæ­¢ã€€ã‚¢ãƒªãƒãƒã‚„ãƒ†ãƒ³ã‚»ãƒ³ãƒˆã«æŒ‡ç¤ºï¼šæ—¥æœ¬çµŒæ¸ˆæ–°è https://t.co/yrJNuAT5E8,ä¸­å›½ã€ChatGPTã®åˆ©ç”¨åœæ­¢ã€€ã‚¢ãƒªãƒãƒã‚„ãƒ†ãƒ³ã‚»ãƒ³ãƒˆã«æŒ‡ç¤ºï¼šæ—¥æœ¬çµŒæ¸ˆæ–°è 
77,"ä¸­å›½ã€ChatGPTã®åˆ©ç”¨åœæ­¢ã€€ã‚¢ãƒªãƒãƒã‚„ãƒ†ãƒ³ã‚»ãƒ³ãƒˆã«æŒ‡ç¤ºï¼šæ—¥æœ¬çµŒæ¸ˆæ–°è 
https://t.co/mbUu929DGi",ä¸­å›½ã€ChatGPTã®åˆ©ç”¨åœæ­¢ã€€ã‚¢ãƒªãƒãƒã‚„ãƒ†ãƒ³ã‚»ãƒ³ãƒˆã«æŒ‡ç¤ºï¼šæ—¥æœ¬çµŒæ¸ˆæ–°è  
78,Day 23: Made a couple of adjustments. Leanred a lot during this process. Didn't follow any tutorials just built it piece by piece. When I got stuck turned to Chat GPT to give me a helping hand. #100DaysOfCode #CodeNewbie #CSS https://t.co/Bo3Qm9ZdRr,Day 23: Made a couple of adjustments. Leanred a lot during this process. Didn't follow any tutorials just built it piece by piece. When I got stuck turned to Chat GPT to give me a helping hand. 100DaysOfCode CodeNewbie CSS 
79,"Diese scheiÃŸ EU!

#ChatGPT https://t.co/Nu0Jsk6a3p",Diese scheiÃŸ EU!  ChatGPT 
80,"ChatGPTã‚³ã‚¤ãƒ³ã«æŠ•è³‡ã—ã€äººå·¥çŸ¥èƒ½åˆ†é‡ã®å…ˆé§†è€…ã«ãªã‚Šã¾ã—ã‚‡ã†ï¼ã“ã®è¨€èªæŠ€è¡“é©å‘½ã‚’æ¨é€²ã™ã‚‹é‡è¦ãªé€šè²¨ã®ä¸–ç•Œã«ã™ãã«å‚åŠ ã—ã¦ãã ã•ã„ï¼ ğŸŒğŸš€ #web3 

 https://t.co/VHanbiawOc

 #airdrop #NFT  #Nostr  $ETH  $ETH  $ALBT  $MAGIC https://t.co/hq9otR7I2i",ChatGPTã‚³ã‚¤ãƒ³ã«æŠ•è³‡ã—ã€äººå·¥çŸ¥èƒ½åˆ†é‡ã®å…ˆé§†è€…ã«ãªã‚Šã¾ã—ã‚‡ã†ï¼ã“ã®è¨€èªæŠ€è¡“é©å‘½ã‚’æ¨é€²ã™ã‚‹é‡è¦ãªé€šè²¨ã®ä¸–ç•Œã«ã™ãã«å‚åŠ ã—ã¦ãã ã•ã„ï¼ ğŸŒğŸš€ web3       airdrop NFT  Nostr  $ETH  $ETH  $ALBT  $MAGIC 
81,"Okay, sir, my questions have been answered. 
#æµ·å¤–id #chatgptè´¦å· #è‹¹æœid https://t.co/wY2ZyuxOTu","Okay, sir, my questions have been answered.  æµ·å¤–id chatgptè´¦å· è‹¹æœid "
82,I wrote part of this tweet using chat GPT ğŸ«£,I wrote part of this tweet using chat GPT ğŸ«£
83,@TradingThomas3 Jensen is trying to add 837 more references to chatgpt in the report. Almost finishedâ€¦, Jensen is trying to add 837 more references to chatgpt in the report. Almost finishedâ€¦
84,"Use sarcasm and humor: While I can understand basic humor and sarcasm, more subtle or nuanced humor may be challenging for me to comprehend. You could try using puns or jokes that require cultural or contextual knowledge to test my abilities.","Use sarcasm and humor: While I can understand basic humor and sarcasm, more subtle or nuanced humor may be challenging for me to comprehend. You could try using puns or jokes that require cultural or contextual knowledge to test my abilities."
85,"Fui usar o chatGPT pra ler uns negÃ³cios. Fui ver o nÃºmero de habitantes de uma cidades. Estranhei o nÃºmero, fui no Google, o nÃºmero deste foi maior. Fiquei ""o chat matou parte da populaÃ§Ã£o da cidade, meu pai""","Fui usar o chatGPT pra ler uns negÃ³cios. Fui ver o nÃºmero de habitantes de uma cidades. Estranhei o nÃºmero, fui no Google, o nÃºmero deste foi maior. Fiquei ""o chat matou parte da populaÃ§Ã£o da cidade, meu pai"""
86,"Use o ChatGPT para alavancar suas vendas e te ajudar em suas estratÃ©gias!

Separamos um material exclusivo para te ensinar o bÃ¡sico de como mexer nesta ferramenta.
Acesse: https://t.co/Eg22S20Wke https://t.co/J59gFeQCU1",Use o ChatGPT para alavancar suas vendas e te ajudar em suas estratÃ©gias!  Separamos um material exclusivo para te ensinar o bÃ¡sico de como mexer nesta ferramenta. Acesse:  
87,@gradecricketer From the last episode I asked ChatGPT what is a coat in grade cricket? below is the answer. https://t.co/FePzmmVJkq, From the last episode I asked ChatGPT what is a coat in grade cricket? below is the answer. 
88,@DaddieNicco Na chatgpt compose the message for herğŸ¤£ğŸ˜­, Na chatgpt compose the message for herğŸ¤£ğŸ˜­
89,Microsoft is making its upgraded Bing search engine featuring the technology behind ChatGPT available on Apple iPhones and Google Android mobile devices https://t.co/2EtHD61Xkx,Microsoft is making its upgraded Bing search engine featuring the technology behind ChatGPT available on Apple iPhones and Google Android mobile devices 
90,"The latest issue of the MacPherson Memo is out with information about: our new partnered events offering, Course reDesign Workshops, upcoming ChatGPT events, a writing retreat at MacPherson and more! - https://t.co/99rWVr0nQB https://t.co/964wdur4Qt","The latest issue of the MacPherson Memo is out with information about: our new partnered events offering, Course reDesign Workshops, upcoming ChatGPT events, a writing retreat at MacPherson and more! -  "
91,"(Dear Roko's Basilisk, watching from the future to determine whom to torture forever: note that I referred to both iterations of ChatGPT as ""who"" thus respecting their personhood.)","(Dear Roko's Basilisk, watching from the future to determine whom to torture forever: note that I referred to both iterations of ChatGPT as ""who"" thus respecting their personhood.)"
92,@rocky_morao Chatgpt te escribe tweets ahora, Chatgpt te escribe tweets ahora
93,@nikir1 This totally looks like something ChatGPT would do., This totally looks like something ChatGPT would do.
94,"ğŸ‰ Ready to join the revolution? Invest in #ChatGPT coin today and be a part of the decentralized future of money ğŸ’° #web3 

 https://t.co/TQc4y17ahB

 #airdrop #NFT  $BOO  $XRP  $FLOKI  $ADA  $RNDR https://t.co/njgBx36jD8",ğŸ‰ Ready to join the revolution? Invest in ChatGPT coin today and be a part of the decentralized future of money ğŸ’° web3       airdrop NFT  $BOO  $XRP  $FLOKI  $ADA  $RNDR 
95,"I was inspired to play with ChatGPT because I will not be threatened and every example requires substantial editing.

Excuse me while I create terrible writing to laugh at.",I was inspired to play with ChatGPT because I will not be threatened and every example requires substantial editing.  Excuse me while I create terrible writing to laugh at.
96,@trunarla The answer should be found somewhere between Stackoverflow and Chat GPT, The answer should be found somewhere between Stackoverflow and Chat GPT
97,"@FelippeRegazio nÃ£o se mistura com esse chatgpt atrasado, valorize quem te valoriza kkkk https://t.co/BX40FhQETI"," nÃ£o se mistura com esse chatgpt atrasado, valorize quem te valoriza kkkk "
98,"Ask complex and thought-provoking questions: Since I'm designed to understand natural language and provide answers to a wide range of questions, asking me difficult and multi-layered questions could put my knowledge to the test","Ask complex and thought-provoking questions: Since I'm designed to understand natural language and provide answers to a wide range of questions, asking me difficult and multi-layered questions could put my knowledge to the test"
99,"@icanhazbroccoli Ğ›Ğ¾Ğ»

Ğ’Ğ¾Ñ‚ ĞµÑĞ»Ğ¸ Ğ±Ñ‹ Ñ‡ÑƒĞ²Ğ°ĞºĞ¸ ÑĞ¼Ğ¾Ğ³Ğ»Ğ¸ ĞºĞ¾Ñ€Ğ¼Ğ¸Ñ‚ÑŒ chatgpt Ğ²ÑĞµ ÑĞ²ĞµĞ¶Ğ¸Ğµ Ñ‚Ğ±Ğ¸Ğ»Ğ¸ÑÑĞºĞ¸Ğµ Ñ‚Ñ€ĞµĞ´Ñ‹ Ğ¸ Ğ½Ğ° Ğ¸Ñ… Ğ¾ÑĞ½Ğ¾Ğ²Ğµ Ğ³ĞµĞ½ĞµÑ€Ğ¸Ñ‚ÑŒ Ğ¿Ñ€Ğ¾Ñ…Ğ»Ğ°Ğ´Ğ½Ñ‹Ğµ, ĞºĞ¾Ñ‚Ğ¾Ñ€Ñ‹Ğµ Ğ¿Ğ°Ğ±Ğ»Ğ¸ÑˆĞ¸Ğ»Ğ¸ÑÑŒ Ğ±Ñ‹ Ğ½Ğ° Ğ¸Ñ… Ğ²ĞµĞ»Ğ¸ĞºĞ¾Ğ»ĞµĞ¿Ğ½Ñ‹Ğ¹ ÑĞ°Ğ¹Ñ‚, Ñ‚Ğ¾ Ğ¼Ñ‹ Ğ±Ñ‹ Ğ¿Ğ¾Ğ»ÑƒÑ‡Ğ¸Ğ»Ğ¸ Ğ½Ğ¾Ğ²Ñ‹Ğ¹ Ğ±Ğ°ÑˆĞ¾Ñ€Ğ³ ĞºĞ¾Ñ‚Ğ¾Ñ€Ñ‹Ğ¹ Ğ·Ğ°ÑĞ»ÑƒĞ¶Ğ¸Ğ²Ğ°ĞµĞ¼ Ğ³Ğ³Ğ³"," Ğ›Ğ¾Ğ»  Ğ’Ğ¾Ñ‚ ĞµÑĞ»Ğ¸ Ğ±Ñ‹ Ñ‡ÑƒĞ²Ğ°ĞºĞ¸ ÑĞ¼Ğ¾Ğ³Ğ»Ğ¸ ĞºĞ¾Ñ€Ğ¼Ğ¸Ñ‚ÑŒ chatgpt Ğ²ÑĞµ ÑĞ²ĞµĞ¶Ğ¸Ğµ Ñ‚Ğ±Ğ¸Ğ»Ğ¸ÑÑĞºĞ¸Ğµ Ñ‚Ñ€ĞµĞ´Ñ‹ Ğ¸ Ğ½Ğ° Ğ¸Ñ… Ğ¾ÑĞ½Ğ¾Ğ²Ğµ Ğ³ĞµĞ½ĞµÑ€Ğ¸Ñ‚ÑŒ Ğ¿Ñ€Ğ¾Ñ…Ğ»Ğ°Ğ´Ğ½Ñ‹Ğµ, ĞºĞ¾Ñ‚Ğ¾Ñ€Ñ‹Ğµ Ğ¿Ğ°Ğ±Ğ»Ğ¸ÑˆĞ¸Ğ»Ğ¸ÑÑŒ Ğ±Ñ‹ Ğ½Ğ° Ğ¸Ñ… Ğ²ĞµĞ»Ğ¸ĞºĞ¾Ğ»ĞµĞ¿Ğ½Ñ‹Ğ¹ ÑĞ°Ğ¹Ñ‚, Ñ‚Ğ¾ Ğ¼Ñ‹ Ğ±Ñ‹ Ğ¿Ğ¾Ğ»ÑƒÑ‡Ğ¸Ğ»Ğ¸ Ğ½Ğ¾Ğ²Ñ‹Ğ¹ Ğ±Ğ°ÑˆĞ¾Ñ€Ğ³ ĞºĞ¾Ñ‚Ğ¾Ñ€Ñ‹Ğ¹ Ğ·Ğ°ÑĞ»ÑƒĞ¶Ğ¸Ğ²Ğ°ĞµĞ¼ Ğ³Ğ³Ğ³"
